ID,Symbol,Category
bitcoin,BTC,Layer 1s
ethereum,ETH,Layer 1s
tether,USDT,Stablecoins
binancecoin,BNB,Exchange Tokens
ripple,XRP,Payments & Money Networks
solana,SOL,Layer 1s
usd-coin,USDC,Stablecoins
tron,TRX,Payments & Money Networks
staked-ether,STETH,Liquid Staking & Restaking
dogecoin,DOGE,Memecoins
figure-heloc,FIGR_HELOC,RWA & Tokenization
cardano,ADA,Layer 1s
wrapped-steth,WSTETH,Liquid Staking & Restaking
whitebit,WBT,Exchange Tokens
wrapped-beacon-eth,WBETH,Liquid Staking & Restaking
bitcoin-cash,BCH,Payments & Money Networks
wrapped-bitcoin,WBTC,Wrapped & Bridged Assets
monero,XMR,Privacy Coins
wrapped-eeth,WEETH,Liquid Staking & Restaking
chainlink,LINK,"Oracles, Data & AI"
usds,USDS,Stablecoins
binance-bridged-usdt-bnb-smart-chain,BSC-USD,Wrapped & Bridged Assets
leo-token,LEO,Exchange Tokens
weth,WETH,Wrapped & Bridged Assets
stellar,XLM,Payments & Money Networks
coinbase-wrapped-btc,CBBTC,Wrapped & Bridged Assets
sui,SUI,Layer 1s
zcash,ZEC,Privacy Coins
ethena-usde,USDE,Stablecoins
hyperliquid,HYPE,"DeFi (DEX, Lending, Perps)"
avalanche-2,AVAX,Layer 1s
litecoin,LTC,Payments & Money Networks
hedera-hashgraph,HBAR,Layer 1s
shiba-inu,SHIB,Memecoins
usdt0,USDT0,Stablecoins
world-liberty-financial,WLFI,"DeFi (DEX, Lending, Perps)"
dai,DAI,Stablecoins
canton-network,CC,RWA & Tokenization
susds,SUSDS,Yield & Vaults
the-open-network,TON,Layer 1s
crypto-com-chain,CRO,Exchange Tokens
ethena-staked-usde,SUSDE,Yield & Vaults
paypal-usd,PYUSD,Stablecoins
polkadot,DOT,Layer 1s
usd1-wlfi,USD1,Stablecoins
uniswap,UNI,"DeFi (DEX, Lending, Perps)"
rain,RAIN,Other
mantle,MNT,Layer 2s & Scaling
memecore,M,Memecoins
bitget-token,BGB,Exchange Tokens
aave,AAVE,"DeFi (DEX, Lending, Perps)"
bittensor,TAO,"Oracles, Data & AI"
pepe,PEPE,Memecoins
okb,OKB,Exchange Tokens
tether-gold,XAUT,RWA & Tokenization
near,NEAR,Layer 1s
internet-computer,ICP,Layer 1s
falcon-finance,USDF,Stablecoins
jito-staked-sol,JITOSOL,Liquid Staking & Restaking
binance-peg-weth,WETH,Wrapped & Bridged Assets
ethereum-classic,ETC,Layer 1s
pax-gold,PAXG,RWA & Tokenization
aster-2,ASTER,Other
ethena,ENA,"DeFi (DEX, Lending, Perps)"
blackrock-usd-institutional-digital-liquidity-fund,BUIDL,RWA & Tokenization
pi-network,PI,Other
wrapped-solana,SOL,Wrapped & Bridged Assets
htx-dao,HTX,Exchange Tokens
jupiter-perpetuals-liquidity-provider-token,JLP,"DeFi (DEX, Lending, Perps)"
pump-fun,PUMP,Memecoins
global-dollar,USDG,Stablecoins
hash-2,HASH,RWA & Tokenization
binance-staked-sol,BNSOL,Liquid Staking & Restaking
kucoin-shares,KCS,Exchange Tokens
polygon-ecosystem-token,POL,Layer 2s & Scaling
worldcoin-wld,WLD,"Oracles, Data & AI"
hashnote-usyc,USYC,RWA & Tokenization
sky,SKY,"DeFi (DEX, Lending, Perps)"
ripple-usd,RLUSD,Stablecoins
wbnb,WBNB,Wrapped & Bridged Assets
aptos,APT,Layer 1s
rocket-pool-eth,RETH,Liquid Staking & Restaking
syrupusdc,SYRUPUSDC,Yield & Vaults
bfusd,BFUSD,Stablecoins
binance-bridged-usdc-bnb-smart-chain,USDC,Wrapped & Bridged Assets
arbitrum,ARB,Layer 2s & Scaling
cosmos,ATOM,Layer 1s
kelp-dao-restaked-eth,RSETH,Liquid Staking & Restaking
ondo-finance,ONDO,RWA & Tokenization
quant-network,QNT,"Oracles, Data & AI"
gatechain-token,GT,Exchange Tokens
kaspa,KAS,Payments & Money Networks
algorand,ALGO,Layer 1s
render-token,RENDER,"Oracles, Data & AI"
filecoin,FIL,"Oracles, Data & AI"
usdd,USDD,Stablecoins
official-trump,TRUMP,Memecoins
ignition-fbtc,FBTC,Wrapped & Bridged Assets
lombard-staked-btc,LBTC,Liquid Staking & Restaking
midnight-3,NIGHT,Other
vechain,VET,Layer 1s
nexo,NEXO,Exchange Tokens
story-2,IP,Other
myx-finance,MYX,"DeFi (DEX, Lending, Perps)"
dash,DASH,Payments & Money Networks
solv-btc,SOLVBTC,Wrapped & Bridged Assets
bonk,BONK,Memecoins
liquid-staked-ethereum,LSETH,Liquid Staking & Restaking
flare-networks,FLR,Layer 1s
mantle-staked-ether,METH,Liquid Staking & Restaking
usdtb,USDTB,Stablecoins
xdce-crowd-sale,XDC,Payments & Money Networks
bridged-usdc-polygon-pos-bridge,USDC.E,Wrapped & Bridged Assets
sei-network,SEI,Layer 1s
superstate-short-duration-us-government-securities-fund-ustb,USTB,RWA & Tokenization
wrappedm-by-m0,WM,Yield & Vaults
ousg,OUSG,RWA & Tokenization
arbitrum-bridged-wbtc-arbitrum-one,WBTC,Wrapped & Bridged Assets
pudgy-penguins,PENGU,Memecoins
clbtc,clBTC,Wrapped & Bridged Assets
renzo-restaked-eth,EZETH,Liquid Staking & Restaking
janus-henderson-anemoy-aaa-clo-fund,JAAA,RWA & Tokenization
pancakeswap-token,CAKE,"DeFi (DEX, Lending, Perps)"
morpho,MORPHO,"DeFi (DEX, Lending, Perps)"
jupiter-staked-sol,JUPSOL,Liquid Staking & Restaking
jupiter-exchange-solana,JUP,"DeFi (DEX, Lending, Perps)"
ondo-us-dollar-yield,USDY,RWA & Tokenization
stakewise-v3-oseth,OSETH,Liquid Staking & Restaking
l2-standard-bridged-weth-base,WETH,Wrapped & Bridged Assets
syrupusdt,SYRUPUSDT,Yield & Vaults
usdai,USDAI,Stablecoins
beldex,BDX,Privacy Coins
optimism,OP,Layer 2s & Scaling
tezos,XTZ,Layer 1s
chiliz,CHZ,Consumer & Gaming
polygon-pos-bridged-dai-polygon-pos,DAI,Wrapped & Bridged Assets
blockstack,STX,Layer 1s
wrapped-flare,WFLR,Wrapped & Bridged Assets
fetch-ai,FET,"Oracles, Data & AI"
curve-dao-token,CRV,"DeFi (DEX, Lending, Perps)"
virtual-protocol,VIRTUAL,"DeFi (DEX, Lending, Perps)"
usual-usd,USD0,Stablecoins
eutbl,EUTBL,RWA & Tokenization
kinetic-staked-hype,KHYPE,Liquid Staking & Restaking
c8ntinuum,CTM,Other
arbitrum-bridged-weth-arbitrum-one,WETH,Wrapped & Bridged Assets
tbtc,TBTC,Wrapped & Bridged Assets
gteth,GTETH,Liquid Staking & Restaking
injective-protocol,INJ,"DeFi (DEX, Lending, Perps)"
lido-dao,LDO,"DeFi (DEX, Lending, Perps)"
ether-fi,ETHFI,"DeFi (DEX, Lending, Perps)"
spx6900,SPX,Memecoins
first-digital-usd,FDUSD,Stablecoins
lighter,LIT,Other
aerodrome-finance,AERO,"DeFi (DEX, Lending, Perps)"
a7a5,A7A5,Other
gho,GHO,Stablecoins
true-usd,TUSD,Stablecoins
celestia,TIA,"Oracles, Data & AI"
msol,MSOL,Liquid Staking & Restaking
river,RIVER,Other
ether-fi-liquid-eth,LIQUIDETH,Liquid Staking & Restaking
floki,FLOKI,Memecoins
fasttoken,FTN,Other
stader-ethx,ETHX,Liquid Staking & Restaking
janus-henderson-anemoy-treasury-fund,JTRSY,RWA & Tokenization
coinbase-wrapped-staked-eth,CBETH,Liquid Staking & Restaking
the-graph,GRT,"Oracles, Data & AI"
wrapped-apecoin,WAPE,Wrapped & Bridged Assets
doublezero,2Z,Other
steakhouse-usdc-morpho-vault,STEAKUSDC,Yield & Vaults
starknet,STRK,Layer 2s & Scaling
staked-aave,STKAAVE,Yield & Vaults
sbtc-2,SBTC,Wrapped & Bridged Assets
the-sandbox,SAND,Consumer & Gaming
newton-project,AB,Other
syrup,SYRUP,Yield & Vaults
bittorrent,BTT,"Oracles, Data & AI"
jasmycoin,JASMY,"Oracles, Data & AI"
cap-usd,CUSD,Stablecoins
usdb,USDB,Stablecoins
sun-token,SUN,Other
conflux-token,CFX,Layer 1s
iota,IOTA,Layer 1s
ethereum-name-service,ENS,Consumer & Gaming
trust-wallet-token,TWT,Consumer & Gaming
bitcoin-cash-sv,BSV,Layer 1s
gnosis,GNO,"DeFi (DEX, Lending, Perps)"
decred,DCR,Layer 1s
pyth-network,PYTH,"Oracles, Data & AI"
dogwifcoin,WIF,Memecoins
ether-fi-staked-eth,EETH,Liquid Staking & Restaking
crvusd,CRVUSD,Stablecoins
resolv-usr,USR,Stablecoins
wrapped-stx-velar,WSTX,Wrapped & Bridged Assets
bitcoin-avalanche-bridged-btc-b,BTC.B,Wrapped & Bridged Assets
gala,GALA,Consumer & Gaming
apenft,NFT,Consumer & Gaming
chain-2,XCN,Other
just,JST,"DeFi (DEX, Lending, Perps)"
resolv-wstusr,WSTUSR,Yield & Vaults
euro-coin,EURC,Stablecoins
kinesis-gold,KAU,RWA & Tokenization
pendle,PENDLE,"DeFi (DEX, Lending, Perps)"
binance-peg-dogecoin,DOGE,Memecoins
olympus,OHM,Yield & Vaults
layerzero,ZRO,Other
telcoin,TEL,Payments & Money Networks
axie-infinity,AXS,Consumer & Gaming
kaia,KAIA,Layer 1s
kinesis-silver,KAG,RWA & Tokenization
fartcoin,FARTCOIN,Memecoins
humanity,H,Other
theta-token,THETA,Consumer & Gaming
pippin,PIPPIN,Other
benqi-liquid-staked-avax,SAVAX,Liquid Staking & Restaking
zebec-network,ZBCN,Other
decentraland,MANA,Consumer & Gaming
undeads-games,UDS,Consumer & Gaming
binance-peg-busd,BUSD,Stablecoins
unit-bitcoin,UBTC,Wrapped & Bridged Assets
arbitrum-bridged-wrapped-eeth,WEETH,Liquid Staking & Restaking
basic-attention-token,BAT,Consumer & Gaming
sonic-3,S,"DeFi (DEX, Lending, Perps)"
usx,USX,Stablecoins
raydium,RAY,"DeFi (DEX, Lending, Perps)"
zksync,ZK,Layer 2s & Scaling
polygon-pos-bridged-weth-polygon-pos,WETH,Wrapped & Bridged Assets
astherus-staked-bnb,ASBNB,Liquid Staking & Restaking
stable-2,STABLE,Other
plasma,XPL,Other
gate-wrapped-btc,GTBTC,Wrapped & Bridged Assets
neo,NEO,Layer 1s
frax-ether,FRXETH,Liquid Staking & Restaking
wrapped-ether-mantle-bridge,WETH,Wrapped & Bridged Assets
frax,FRAX,Stablecoins
binance-wrapped-btc,BBTC,Wrapped & Bridged Assets
mantle-restaked-eth,CMETH,Liquid Staking & Restaking
arbitrum-bridged-wsteth-arbitrum,WSTETH,Liquid Staking & Restaking
ultima,ULTIMA,Other
vision-3,VSN,Other
kraken-wrapped-btc,KBTC,Wrapped & Bridged Assets
arweave,AR,"Oracles, Data & AI"
mimblewimblecoin,MWC,Privacy Coins
instadapp,FLUID,"DeFi (DEX, Lending, Perps)"
compound-governance-token,COMP,"DeFi (DEX, Lending, Perps)"
bybit-staked-sol,BBSOL,Liquid Staking & Restaking
helium,HNT,"Oracles, Data & AI"
superbridge-bridged-wsteth-base,WSTETH,Liquid Staking & Restaking
golem,GLM,"Oracles, Data & AI"
susdai,SUSDAI,Yield & Vaults
drift-staked-sol,DSOL,Liquid Staking & Restaking
walrus-2,WAL,Other
quantum-resistant-ledger,QRL,Other
swissborg,BORG,Consumer & Gaming
btse-token,BTSE,Exchange Tokens
reallink,REAL,Other
monad,MON,Layer 1s
wrapped-hype,WHYPE,Wrapped & Bridged Assets
immutable-x,IMX,Consumer & Gaming
wrapped-aave-ethereum-usdc,WAETHUSDC,Yield & Vaults
thorchain,RUNE,"DeFi (DEX, Lending, Perps)"
ecash,XEC,Payments & Money Networks
staked-cap-usd,STCUSD,Yield & Vaults
the-vault-staked-sol,VSOL,Liquid Staking & Restaking
terra-luna,LUNC,Layer 1s
bianrensheng,币安人生,Other
ape-and-pepe,APEPE,Memecoins
wefi,WFI,Other
1inch,1INCH,"DeFi (DEX, Lending, Perps)"
merlin-chain,MERL,Layer 2s & Scaling
ibc-bridged-usdc,USDC.N,Wrapped & Bridged Assets
polygon-bridged-wbtc-polygon-pos,WBTC,Wrapped & Bridged Assets
bridged-usd-coin-starkgate,USDC,Wrapped & Bridged Assets
usda-2,USDA,Stablecoins
eigenlayer,EIGEN,"DeFi (DEX, Lending, Perps)"
agora-dollar,AUSD,Stablecoins
fidelity-digital-interest-token,FDIT,RWA & Tokenization
treehouse-eth,TETH,Liquid Staking & Restaking
loaded-lions,LION,Consumer & Gaming
wrapped-avax,WAVAX,Wrapped & Bridged Assets
zencash,ZEN,Privacy Coins
blockchain-capital,BCAP,RWA & Tokenization
hastra-wrapped-ylds,WYLDS,RWA & Tokenization
build-on,B,"DeFi (DEX, Lending, Perps)"
hastra-prime,PRIME,Other
vaulta,A,"DeFi (DEX, Lending, Perps)"
apecoin,APE,Consumer & Gaming
falcon-finance-ff,FF,Other
ethena-staked-ena,SENA,Yield & Vaults
kamino,KMNO,"DeFi (DEX, Lending, Perps)"
convex-finance,CVX,"DeFi (DEX, Lending, Perps)"
elrond-erd-2,EGLD,Layer 1s
savings-dai,SDAI,Yield & Vaults
origintrail,TRAC,"Oracles, Data & AI"
tradable-na-rent-financing-platform-sstn,PC0000031,RWA & Tokenization
wormhole,W,Other
staked-frax-ether,SFRXETH,Liquid Staking & Restaking
concordium,CCD,Layer 1s
solv-protocol-solvbtc-bbn,XSOLVBTC,Liquid Staking & Restaking
